"DESCRIPTION","DURATION IN MS","NAME","PARENT SUITE","START TIME","STATUS","STOP TIME","SUB SUITE","SUITE","TEST CLASS","TEST METHOD"
"","5337","TC04 Compare page URL validation","firefox","2026-06-05","passed","2026-06-05","Compare + Email Module","compareEmail/compareEmail.spec.js","",""
"","2776","TC19 Newsletter subscription validation","firefox","2026-06-05","passed","2026-06-05","Customer Support","customerSupport-addon/customerSupport-addon.spec.js","",""
"","2921","TC03 Valid contact form UI","webkit","2026-06-05","passed","2026-06-05","Customer Support","customerSupport-addon/customerSupport-addon.spec.js","",""
"","4763","TC07 Verify Redirect After Logout","webkit","2026-06-05","passed","2026-06-05","Authentication - Logout Tests","authentication/logout.spec.js","",""
"","2306","TC15 Checkout URL FIXED","firefox","2026-06-05","passed","2026-06-05","Checkout Process","checkout/checkout.spec.js","",""
"","5126","TC10 Remove checkbox visible","firefox","2026-06-05","passed","2026-06-05","Shopping Cart Module","shoppingCart/cart.spec.js","",""
"","1775","TC14 Verify Empty Email Validation","firefox","2026-06-05","passed","2026-06-05","Authentication Validation Tests","authentication/authValidation.spec.js","",""
"","2818","TC01 Home page loads successfully","webkit","2026-06-05","passed","2026-06-05","E2E + Network Mocking - CAPSTONE NETWORK SUITE (15 TC)","e2eNetwork-addon/e2eNetwork-addon.spec.js","",""
"","1906","TC13 My account navigation","firefox","2026-06-05","passed","2026-06-05","Customer Support","customerSupport-addon/customerSupport-addon.spec.js","",""
"","5712","TC05 Remove product","chromium","2026-06-05","passed","2026-06-05","Shopping Cart Module","shoppingCart/cart.spec.js","",""
"","4971","TC07 Cart persists after refresh","chromium","2026-06-05","passed","2026-06-05","Shopping Cart Module","shoppingCart/cart.spec.js","",""
"","5222","TC12 Password fields visible","webkit","2026-06-05","passed","2026-06-05","User Profile Module - 15 Test Cases","userProfile/userProfile.spec.js","",""
"","1466","TC01 Home page loads successfully","firefox","2026-06-05","passed","2026-06-05","E2E + Network Mocking - CAPSTONE NETWORK SUITE (15 TC)","e2eNetwork-addon/e2eNetwork-addon.spec.js","",""
"","5385","TC18 Verify Breadcrumb Is Visible","webkit","2026-06-05","passed","2026-06-05","Product Catalog - Product Details Tests","productCatalog/productDetails.spec.js","",""
"","2044","TC07 Verify Jewelry Category Navigation","chromium","2026-06-05","passed","2026-06-05","Product Catalog - Category and Filter Tests","productCatalog/filter.spec.js","",""
"","3106","TC07 Address navigation","chromium","2026-06-05","passed","2026-06-05","User Profile Module - 15 Test Cases","userProfile/userProfile.spec.js","",""
"","2236","TC02 Open cart page","firefox","2026-06-05","passed","2026-06-05","Shopping Cart Module","shoppingCart/cart.spec.js","",""
"","1961","TC13 Verify Password Field is Masked","firefox","2026-06-05","passed","2026-06-05","Authentication Validation Tests","authentication/authValidation.spec.js","",""
"","2058","TC07 Search box visible","firefox","2026-06-05","passed","2026-06-05","Customer Support","customerSupport-addon/customerSupport-addon.spec.js","",""
"","2540","TC12 Verify Grid View","chromium","2026-06-05","passed","2026-06-05","Product Catalog - View Mode Tests","productCatalog/viewMode.spec.js","",""
"","2705","TC07 Invalid login check","firefox","2026-06-05","passed","2026-06-05","Checkout Process","checkout/checkout.spec.js","",""
"","6488","TC05 Open Email Friend page","webkit","2026-06-05","passed","2026-06-05","Compare + Email Module","compareEmail/compareEmail.spec.js","",""
"","2978","TC09 Verify Sort By Name Z-A","chromium","2026-06-05","passed","2026-06-05","Product Catalog - Sorting Tests","productCatalog/sorting.spec.js","",""
"","5077","TC11 Update cart button visible","firefox","2026-06-05","passed","2026-06-05","Shopping Cart Module","shoppingCart/cart.spec.js","",""
"","2409","TC04 Verify network request for homepage resources","firefox","2026-06-05","passed","2026-06-05","E2E + Network Mocking - CAPSTONE NETWORK SUITE (15 TC)","e2eNetwork-addon/e2eNetwork-addon.spec.js","",""
"","2503","TC08 Billing step visible","firefox","2026-06-05","passed","2026-06-05","Checkout Process","checkout/checkout.spec.js","",""
"","2407","TC13 Verify List View","chromium","2026-06-05","passed","2026-06-05","Product Catalog - View Mode Tests","productCatalog/viewMode.spec.js","",""
"","3042","TC11 API request monitoring","webkit","2026-06-05","passed","2026-06-05","E2E + Network Mocking - CAPSTONE NETWORK SUITE (15 TC)","e2eNetwork-addon/e2eNetwork-addon.spec.js","",""
"","2278","TC01 Contact us page","firefox","2026-06-05","passed","2026-06-05","Customer Support","customerSupport-addon/customerSupport-addon.spec.js","",""
"","6715","TC04 Compare page URL validation","webkit","2026-06-05","passed","2026-06-05","Compare + Email Module","compareEmail/compareEmail.spec.js","",""
"","1970","TC05 Search box visible","firefox","2026-06-05","passed","2026-06-05","Customer Support","customerSupport-addon/customerSupport-addon.spec.js","",""
"","2976","TC05 Verify Copy Paste Login","firefox","2026-06-05","passed","2026-06-05","Authentication - Login Tests","authentication/login.spec.js","",""
"","2925","TC12 Verify Grid View","firefox","2026-06-05","passed","2026-06-05","Product Catalog - View Mode Tests","productCatalog/viewMode.spec.js","",""
"","6695","TC13 Verify Password Field is Masked","webkit","2026-06-05","passed","2026-06-05","Authentication Validation Tests","authentication/authValidation.spec.js","",""
"","2854","TC14 Verify Next Page Navigation","chromium","2026-06-05","passed","2026-06-05","Product Catalog - Pagination Tests","productCatalog/pagination.spec.js","",""
"","4339","TC08 Verify Restricted Page Access After Logout","firefox","2026-06-05","passed","2026-06-05","Authentication - Logout Tests","authentication/logout.spec.js","",""
"","3229","TC02 Verify Search with Invalid Product","firefox","2026-06-05","passed","2026-06-05","Product Catalog - Search Tests","productCatalog/search.spec.js","",""
"","1655","TC06 Logo visible","chromium","2026-06-05","passed","2026-06-05","Customer Support","customerSupport-addon/customerSupport-addon.spec.js","",""
"","4031","TC12 Password fields visible","firefox","2026-06-05","passed","2026-06-05","User Profile Module - 15 Test Cases","userProfile/userProfile.spec.js","",""
"","5038","TC04 Update quantity","chromium","2026-06-05","passed","2026-06-05","Shopping Cart Module","shoppingCart/cart.spec.js","",""
"","3150","TC08 Verify Sort By Name A-Z","firefox","2026-06-05","passed","2026-06-05","Product Catalog - Sorting Tests","productCatalog/sorting.spec.js","",""
"","6306","TC08 Continue shopping visible","webkit","2026-06-05","passed","2026-06-05","Shopping Cart Module","shoppingCart/cart.spec.js","",""
"","1883","TC13 Cart URL validation","chromium","2026-06-05","passed","2026-06-05","Shopping Cart Module","shoppingCart/cart.spec.js","",""
"","1233","TC13 Simulate empty response safely","chromium","2026-06-05","passed","2026-06-05","E2E + Network Mocking - CAPSTONE NETWORK SUITE (15 TC)","e2eNetwork-addon/e2eNetwork-addon.spec.js","",""
"","2195","TC01 Open cart page","firefox","2026-06-05","passed","2026-06-05","Checkout Process","checkout/checkout.spec.js","",""
"","3746","TC06 Verify Email Field Contains User Email","firefox","2026-06-05","passed","2026-06-05","User Profile Module - 15 Test Cases","userProfile/userProfile.spec.js","",""
"","3126","TC15 Checkout URL FIXED","webkit","2026-06-05","passed","2026-06-05","Checkout Process","checkout/checkout.spec.js","",""
"","4873","TC05 Email validation","webkit","2026-06-05","passed","2026-06-05","User Profile Module - 15 Test Cases","userProfile/userProfile.spec.js","",""
"","2980","TC11 Verify Sort By Price High to Low","firefox","2026-06-05","passed","2026-06-05","Product Catalog - Sorting Tests","productCatalog/sorting.spec.js","",""
"","3113","TC02 Invalid email validation","webkit","2026-06-05","passed","2026-06-05","Customer Support","customerSupport-addon/customerSupport-addon.spec.js","",""
"","3591","TC09 Validate request URL contains books","webkit","2026-06-05","passed","2026-06-05","E2E + Network Mocking - CAPSTONE NETWORK SUITE (15 TC)","e2eNetwork-addon/e2eNetwork-addon.spec.js","",""
"","1328","TC08 Modify response headers","firefox","2026-06-05","passed","2026-06-05","E2E + Network Mocking - CAPSTONE NETWORK SUITE (15 TC)","e2eNetwork-addon/e2eNetwork-addon.spec.js","",""
"","2236","TC03 Valid contact form UI","chromium","2026-06-05","passed","2026-06-05","Customer Support","customerSupport-addon/customerSupport-addon.spec.js","",""
"","2168","TC20 Sitemap navigation validation","chromium","2026-06-05","passed","2026-06-05","Customer Support","customerSupport-addon/customerSupport-addon.spec.js","",""
"","2476","TC05 Abort image loading","firefox","2026-06-05","passed","2026-06-05","E2E + Network Mocking - CAPSTONE NETWORK SUITE (15 TC)","e2eNetwork-addon/e2eNetwork-addon.spec.js","",""
"","2974","TC11 Verify Registration with Existing Email","firefox","2026-06-05","passed","2026-06-05","Authentication - Registration Tests","authentication/registration.spec.js","",""
"","2522","TC15 Verify Empty Password Validation","webkit","2026-06-05","passed","2026-06-05","Authentication Validation Tests","authentication/authValidation.spec.js","",""
"","2431","TC11 Verify Sort By Price High to Low","chromium","2026-06-05","passed","2026-06-05","Product Catalog - Sorting Tests","productCatalog/sorting.spec.js","",""
"","1920","TC02 Cart empty message","chromium","2026-06-05","passed","2026-06-05","Checkout Process","checkout/checkout.spec.js","",""
"","3052","TC06 Verify Electronics Category Navigation","webkit","2026-06-05","passed","2026-06-05","Product Catalog - Category and Filter Tests","productCatalog/filter.spec.js","",""
"","2419","TC13 Cart URL validation","firefox","2026-06-05","passed","2026-06-05","Shopping Cart Module","shoppingCart/cart.spec.js","",""
"","4760","TC17 Verify Add To Cart Button Is Visible","webkit","2026-06-05","passed","2026-06-05","Product Catalog - Product Details Tests","productCatalog/productDetails.spec.js","",""
"","4651","TC03 Verify success notification","firefox","2026-06-05","passed","2026-06-05","Shopping Cart Module","shoppingCart/cart.spec.js","",""
"","2435","TC11 Payment info step","firefox","2026-06-05","passed","2026-06-05","Checkout Process","checkout/checkout.spec.js","",""
"","10966","TC02 Compare success message","webkit","2026-06-05","passed","2026-06-05","Compare + Email Module","compareEmail/compareEmail.spec.js","",""
"","2753","TC16 Contact Us navigation stability","firefox","2026-06-05","passed","2026-06-05","Customer Support","customerSupport-addon/customerSupport-addon.spec.js","",""
"","1976","TC01 Open cart page","chromium","2026-06-05","passed","2026-06-05","Checkout Process","checkout/checkout.spec.js","",""
"","3267","TC01 Open cart page","webkit","2026-06-05","passed","2026-06-05","Checkout Process","checkout/checkout.spec.js","",""
"","5619","TC05 Open Email Friend page","chromium","2026-06-05","passed","2026-06-05","Compare + Email Module","compareEmail/compareEmail.spec.js","",""
"","2149","TC07 Invalid login check","chromium","2026-06-05","passed","2026-06-05","Checkout Process","checkout/checkout.spec.js","",""
"","4805","TC01 Add product to cart","chromium","2026-06-05","passed","2026-06-05","Shopping Cart Module","shoppingCart/cart.spec.js","",""
"","10655","TC03 Clear compare list","firefox","2026-06-05","passed","2026-06-05","Compare + Email Module","compareEmail/compareEmail.spec.js","",""
"","2898","TC01 Verify Login with Valid Credentials","firefox","2026-06-05","passed","2026-06-05","Authentication - Login Tests","authentication/login.spec.js","",""
"","3849","TC12 Response status validation","webkit","2026-06-05","passed","2026-06-05","E2E + Network Mocking - CAPSTONE NETWORK SUITE (15 TC)","e2eNetwork-addon/e2eNetwork-addon.spec.js","",""
"","3872","TC19 Newsletter subscription validation","webkit","2026-06-05","passed","2026-06-05","Customer Support","customerSupport-addon/customerSupport-addon.spec.js","",""
"","3728","TC05 Email validation","firefox","2026-06-05","passed","2026-06-05","User Profile Module - 15 Test Cases","userProfile/userProfile.spec.js","",""
"","3982","TC02 Verify Login with Invalid Password","webkit","2026-06-05","passed","2026-06-05","Authentication - Login Tests","authentication/login.spec.js","",""
"","2865","TC04 Newsletter field","webkit","2026-06-05","passed","2026-06-05","Customer Support","customerSupport-addon/customerSupport-addon.spec.js","",""
"","3629","TC07 Invalid login check","webkit","2026-06-05","passed","2026-06-05","Checkout Process","checkout/checkout.spec.js","",""
"","4883","TC01 Profile page load","webkit","2026-06-05","passed","2026-06-05","User Profile Module - 15 Test Cases","userProfile/userProfile.spec.js","",""
"","5110","TC06 Cart total visible","firefox","2026-06-05","passed","2026-06-05","Shopping Cart Module","shoppingCart/cart.spec.js","",""
"","11557","TC01 Add product to compare","chromium","2026-06-05","passed","2026-06-05","Compare + Email Module","compareEmail/compareEmail.spec.js","",""
"","5148","TC08 Verify Restricted Page Access After Logout","webkit","2026-06-05","passed","2026-06-05","Authentication - Logout Tests","authentication/logout.spec.js","",""
"","5156","TC08 Change password open","webkit","2026-06-05","passed","2026-06-05","User Profile Module - 15 Test Cases","userProfile/userProfile.spec.js","",""
"","4460","TC04 Compare page URL validation","chromium","2026-06-05","passed","2026-06-05","Compare + Email Module","compareEmail/compareEmail.spec.js","",""
"","1680","TC13 My account navigation","chromium","2026-06-05","passed","2026-06-05","Customer Support","customerSupport-addon/customerSupport-addon.spec.js","",""
"","2800","TC04 Verify Login Using Enter Key","chromium","2026-06-05","passed","2026-06-05","Authentication - Login Tests","authentication/login.spec.js","",""
"","2149","TC06 Verify Electronics Category Navigation","chromium","2026-06-05","passed","2026-06-05","Product Catalog - Category and Filter Tests","productCatalog/filter.spec.js","",""
"","3182","TC18 Search functionality validation","firefox","2026-06-05","passed","2026-06-05","Customer Support","customerSupport-addon/customerSupport-addon.spec.js","",""
"","1906","TC08 Page structure visible","firefox","2026-06-05","passed","2026-06-05","Customer Support","customerSupport-addon/customerSupport-addon.spec.js","",""
"","3105","TC06 Verify Successful Logout","chromium","2026-06-05","passed","2026-06-05","Authentication - Logout Tests","authentication/logout.spec.js","",""
"","3257","TC15 Verify Product Details Page Opens","chromium","2026-06-05","passed","2026-06-05","Product Catalog - Product Details Tests","productCatalog/productDetails.spec.js","",""
"","6956","TC01 Add product to cart","webkit","2026-06-05","passed","2026-06-05","Shopping Cart Module","shoppingCart/cart.spec.js","",""
"","3106","TC09 Verify Sort By Name Z-A","firefox","2026-06-05","passed","2026-06-05","Product Catalog - Sorting Tests","productCatalog/sorting.spec.js","",""
"","5661","TC09 Password mismatch","webkit","2026-06-05","passed","2026-06-05","User Profile Module - 15 Test Cases","userProfile/userProfile.spec.js","",""
"","3203","TC01 Contact us page","webkit","2026-06-05","passed","2026-06-05","Customer Support","customerSupport-addon/customerSupport-addon.spec.js","",""
"","1856","TC12 Cart link","chromium","2026-06-05","passed","2026-06-05","Customer Support","customerSupport-addon/customerSupport-addon.spec.js","",""
"","2517","TC02 Verify Search with Invalid Product","chromium","2026-06-05","passed","2026-06-05","Product Catalog - Search Tests","productCatalog/search.spec.js","",""
"","4478","TC06 Cart total visible","chromium","2026-06-05","passed","2026-06-05","Shopping Cart Module","shoppingCart/cart.spec.js","",""
"","5156","TC03 Email visible","webkit","2026-06-05","passed","2026-06-05","User Profile Module - 15 Test Cases","userProfile/userProfile.spec.js","",""
"","3506","TC02 Update profile","chromium","2026-06-05","passed","2026-06-05","User Profile Module - 15 Test Cases","userProfile/userProfile.spec.js","",""
"","3119","TC04 Orders navigation","chromium","2026-06-05","passed","2026-06-05","User Profile Module - 15 Test Cases","userProfile/userProfile.spec.js","",""
"","3244","TC09 Sitemap page","webkit","2026-06-05","passed","2026-06-05","Customer Support","customerSupport-addon/customerSupport-addon.spec.js","",""
"","5915","TC14 Multiple quantity update","firefox","2026-06-05","passed","2026-06-05","Shopping Cart Module","shoppingCart/cart.spec.js","",""
"","6269","TC09 Quantity input visible","webkit","2026-06-05","passed","2026-06-05","Shopping Cart Module","shoppingCart/cart.spec.js","",""
"","2096","TC10 Payment method step","chromium","2026-06-05","passed","2026-06-05","Checkout Process","checkout/checkout.spec.js","",""
"","3243","TC05 Abort image loading","webkit","2026-06-05","passed","2026-06-05","E2E + Network Mocking - CAPSTONE NETWORK SUITE (15 TC)","e2eNetwork-addon/e2eNetwork-addon.spec.js","",""
"","3518","TC08 Verify Sort By Name A-Z","webkit","2026-06-05","passed","2026-06-05","Product Catalog - Sorting Tests","productCatalog/sorting.spec.js","",""
"","6419","TC05 Checkout flow FIXED STABLE","webkit","2026-06-05","passed","2026-06-05","Checkout Process","checkout/checkout.spec.js","",""
"","2274","TC19 Newsletter subscription validation","chromium","2026-06-05","passed","2026-06-05","Customer Support","customerSupport-addon/customerSupport-addon.spec.js","",""
"","3119","TC10 Payment method step","webkit","2026-06-05","passed","2026-06-05","Checkout Process","checkout/checkout.spec.js","",""
"","2306","TC11 Wishlist link","firefox","2026-06-05","passed","2026-06-05","Customer Support","customerSupport-addon/customerSupport-addon.spec.js","",""
"","2765","TC03 Verify Login with Invalid Email","firefox","2026-06-05","passed","2026-06-05","Authentication - Login Tests","authentication/login.spec.js","",""
"","5129","TC14 Multiple quantity update","chromium","2026-06-05","passed","2026-06-05","Shopping Cart Module","shoppingCart/cart.spec.js","",""
"","4482","TC11 Save profile","firefox","2026-06-05","passed","2026-06-05","User Profile Module - 15 Test Cases","userProfile/userProfile.spec.js","",""
"","23906","TC16 Verify Product Price Is Visible","webkit","2026-06-05","passed","2026-06-05","Product Catalog - Product Details Tests","productCatalog/productDetails.spec.js","",""
"","2518","TC01 Verify Login with Valid Credentials","chromium","2026-06-05","passed","2026-06-05","Authentication - Login Tests","authentication/login.spec.js","",""
"","1992","TC13 Order completion page","chromium","2026-06-05","passed","2026-06-05","Checkout Process","checkout/checkout.spec.js","",""
"","2573","TC18 Verify Remember Me Functionality","chromium","2026-06-05","passed","2026-06-05","Authentication Session Tests","authentication/sessionValidation.spec.js","",""
"","2397","TC12 Confirm order step","firefox","2026-06-05","passed","2026-06-05","Checkout Process","checkout/checkout.spec.js","",""
"","3248","TC10 Verify Save Button Visible","chromium","2026-06-05","passed","2026-06-05","User Profile Module - 15 Test Cases","userProfile/userProfile.spec.js","",""
"","2768","TC07 Search box visible","webkit","2026-06-05","passed","2026-06-05","Customer Support","customerSupport-addon/customerSupport-addon.spec.js","",""
"","5377","TC17 Verify Session Persistence After Refresh","webkit","2026-06-05","passed","2026-06-05","Authentication Session Tests","authentication/sessionValidation.spec.js","",""
"","2132","TC12 Empty cart validation","chromium","2026-06-05","passed","2026-06-05","Shopping Cart Module","shoppingCart/cart.spec.js","",""
"","1586","TC05 Search box visible","chromium","2026-06-05","passed","2026-06-05","Customer Support","customerSupport-addon/customerSupport-addon.spec.js","",""
"","4010","TC07 Address navigation","firefox","2026-06-05","passed","2026-06-05","User Profile Module - 15 Test Cases","userProfile/userProfile.spec.js","",""
"","2103","TC09 Shipping step visible","chromium","2026-06-05","passed","2026-06-05","Checkout Process","checkout/checkout.spec.js","",""
"","2478","TC10 Orders page link","firefox","2026-06-05","passed","2026-06-05","Customer Support","customerSupport-addon/customerSupport-addon.spec.js","",""
"","2910","TC01 Verify Search with Valid Product","firefox","2026-06-05","passed","2026-06-05","Product Catalog - Search Tests","productCatalog/search.spec.js","",""
"","1837","TC05 Abort image loading","chromium","2026-06-05","passed","2026-06-05","E2E + Network Mocking - CAPSTONE NETWORK SUITE (15 TC)","e2eNetwork-addon/e2eNetwork-addon.spec.js","",""
"","4007","TC14 Orders page","firefox","2026-06-05","passed","2026-06-05","User Profile Module - 15 Test Cases","userProfile/userProfile.spec.js","",""
"","6749","TC14 Multiple quantity update","webkit","2026-06-05","passed","2026-06-05","Shopping Cart Module","shoppingCart/cart.spec.js","",""
"","10804","TC02 Compare success message","firefox","2026-06-05","passed","2026-06-05","Compare + Email Module","compareEmail/compareEmail.spec.js","",""
"","2307","TC16 Contact Us navigation stability","chromium","2026-06-05","passed","2026-06-05","Customer Support","customerSupport-addon/customerSupport-addon.spec.js","",""
"","4873","TC15 UI stability","webkit","2026-06-05","passed","2026-06-05","User Profile Module - 15 Test Cases","userProfile/userProfile.spec.js","",""
"","2179","TC02 Verify Login with Invalid Password","chromium","2026-06-05","passed","2026-06-05","Authentication - Login Tests","authentication/login.spec.js","",""
"","1794","TC04 Verify network request for homepage resources","chromium","2026-06-05","passed","2026-06-05","E2E + Network Mocking - CAPSTONE NETWORK SUITE (15 TC)","e2eNetwork-addon/e2eNetwork-addon.spec.js","",""
"","5960","TC11 Update cart button visible","webkit","2026-06-05","passed","2026-06-05","Shopping Cart Module","shoppingCart/cart.spec.js","",""
"","5729","TC15 Cart item visibility","firefox","2026-06-05","passed","2026-06-05","Shopping Cart Module","shoppingCart/cart.spec.js","",""
"","2077","TC11 API request monitoring","firefox","2026-06-05","passed","2026-06-05","E2E + Network Mocking - CAPSTONE NETWORK SUITE (15 TC)","e2eNetwork-addon/e2eNetwork-addon.spec.js","",""
"","1820","TC15 Checkout URL FIXED","chromium","2026-06-05","passed","2026-06-05","Checkout Process","checkout/checkout.spec.js","",""
"","2196","TC14 Cart navigation check","firefox","2026-06-05","passed","2026-06-05","Checkout Process","checkout/checkout.spec.js","",""
"","4519","TC09 Quantity input visible","chromium","2026-06-05","passed","2026-06-05","Shopping Cart Module","shoppingCart/cart.spec.js","",""
"","2572","TC09 Sitemap page","firefox","2026-06-05","passed","2026-06-05","Customer Support","customerSupport-addon/customerSupport-addon.spec.js","",""
"","2792","TC15 Page load check","webkit","2026-06-05","passed","2026-06-05","Customer Support","customerSupport-addon/customerSupport-addon.spec.js","",""
"","2672","TC14 Verify Empty Email Validation","webkit","2026-06-05","passed","2026-06-05","Authentication Validation Tests","authentication/authValidation.spec.js","",""
"","2546","TC08 Verify Sort By Name A-Z","chromium","2026-06-05","passed","2026-06-05","Product Catalog - Sorting Tests","productCatalog/sorting.spec.js","",""
"","3856","TC11 Verify Sort By Price High to Low","webkit","2026-06-05","passed","2026-06-05","Product Catalog - Sorting Tests","productCatalog/sorting.spec.js","",""
"","3686","TC17 Verify Add To Cart Button Is Visible","firefox","2026-06-05","passed","2026-06-05","Product Catalog - Product Details Tests","productCatalog/productDetails.spec.js","",""
"","1835","TC06 Login page redirect","chromium","2026-06-05","passed","2026-06-05","Checkout Process","checkout/checkout.spec.js","",""
"","2427","TC10 Verify Sort By Price Low to High","chromium","2026-06-05","passed","2026-06-05","Product Catalog - Sorting Tests","productCatalog/sorting.spec.js","",""
"","2572","TC09 Shipping step visible","firefox","2026-06-05","passed","2026-06-05","Checkout Process","checkout/checkout.spec.js","",""
"","3310","TC10 Verify Registration with Valid Female User","firefox","2026-06-05","passed","2026-06-05","Authentication - Registration Tests","authentication/registration.spec.js","",""
"","2490","TC18 Search functionality validation","chromium","2026-06-05","passed","2026-06-05","Customer Support","customerSupport-addon/customerSupport-addon.spec.js","",""
"","4946","TC09 Quantity input visible","firefox","2026-06-05","passed","2026-06-05","Shopping Cart Module","shoppingCart/cart.spec.js","",""
"","1663","TC15 Verify Empty Password Validation","firefox","2026-06-05","passed","2026-06-05","Authentication Validation Tests","authentication/authValidation.spec.js","",""
"","3210","TC05 Verify Computers Category Navigation","webkit","2026-06-05","passed","2026-06-05","Product Catalog - Category and Filter Tests","productCatalog/filter.spec.js","",""
"","2788","TC05 Email validation","chromium","2026-06-05","passed","2026-06-05","User Profile Module - 15 Test Cases","userProfile/userProfile.spec.js","",""
"","2699","TC20 Sitemap navigation validation","firefox","2026-06-05","passed","2026-06-05","Customer Support","customerSupport-addon/customerSupport-addon.spec.js","",""
"","3324","TC18 Verify Breadcrumb Is Visible","chromium","2026-06-05","passed","2026-06-05","Product Catalog - Product Details Tests","productCatalog/productDetails.spec.js","",""
"","4391","TC10 Verify Registration with Valid Female User","webkit","2026-06-05","passed","2026-06-05","Authentication - Registration Tests","authentication/registration.spec.js","",""
"","2429","TC09 Verify Registration with Valid Male User","chromium","2026-06-05","passed","2026-06-05","Authentication - Registration Tests","authentication/registration.spec.js","",""
"","2022","TC10 Orders page link","chromium","2026-06-05","passed","2026-06-05","Customer Support","customerSupport-addon/customerSupport-addon.spec.js","",""
"","2785","TC10 Verify Registration with Valid Female User","chromium","2026-06-05","passed","2026-06-05","Authentication - Registration Tests","authentication/registration.spec.js","",""
"","3203","TC12 Password fields visible","chromium","2026-06-05","passed","2026-06-05","User Profile Module - 15 Test Cases","userProfile/userProfile.spec.js","",""
"","3405","TC07 Block CSS files (network failure test)","webkit","2026-06-05","passed","2026-06-05","E2E + Network Mocking - CAPSTONE NETWORK SUITE (15 TC)","e2eNetwork-addon/e2eNetwork-addon.spec.js","",""
"","3250","TC02 Books API response interception","firefox","2026-06-05","passed","2026-06-05","E2E + Network Mocking - CAPSTONE NETWORK SUITE (15 TC)","e2eNetwork-addon/e2eNetwork-addon.spec.js","",""
"","9113","TC03 Clear compare list","chromium","2026-06-05","passed","2026-06-05","Compare + Email Module","compareEmail/compareEmail.spec.js","",""
"","14866","TC01 Add product to compare","firefox","2026-06-05","passed","2026-06-05","Compare + Email Module","compareEmail/compareEmail.spec.js","",""
"","1959","TC14 Page load performance check","firefox","2026-06-05","passed","2026-06-05","E2E + Network Mocking - CAPSTONE NETWORK SUITE (15 TC)","e2eNetwork-addon/e2eNetwork-addon.spec.js","",""
"","6215","TC15 Cart item visibility","webkit","2026-06-05","passed","2026-06-05","Shopping Cart Module","shoppingCart/cart.spec.js","",""
"","2145","TC12 Verify Password Mismatch Validation","webkit","2026-06-05","passed","2026-06-05","Authentication - Registration Tests","authentication/registration.spec.js","",""
"","5716","TC11 Save profile","webkit","2026-06-05","passed","2026-06-05","User Profile Module - 15 Test Cases","userProfile/userProfile.spec.js","",""
"","6744","TC04 Update quantity","webkit","2026-06-05","passed","2026-06-05","Shopping Cart Module","shoppingCart/cart.spec.js","",""
"","1670","TC07 Search box visible","chromium","2026-06-05","passed","2026-06-05","Customer Support","customerSupport-addon/customerSupport-addon.spec.js","",""
"","0","TC06 Send Email to Friend","webkit","2026-06-05","skipped","2026-06-05","Compare + Email Module","compareEmail/compareEmail.spec.js","",""
"","1678","TC11 API request monitoring","chromium","2026-06-05","passed","2026-06-05","E2E + Network Mocking - CAPSTONE NETWORK SUITE (15 TC)","e2eNetwork-addon/e2eNetwork-addon.spec.js","",""
"","4583","TC15 Cart item visibility","chromium","2026-06-05","passed","2026-06-05","Shopping Cart Module","shoppingCart/cart.spec.js","",""
"","3390","TC08 Change password open","chromium","2026-06-05","passed","2026-06-05","User Profile Module - 15 Test Cases","userProfile/userProfile.spec.js","",""
"","1812","TC17 Contact form required field validation","chromium","2026-06-05","passed","2026-06-05","Customer Support","customerSupport-addon/customerSupport-addon.spec.js","",""
"","3962","TC05 Checkout flow FIXED STABLE","chromium","2026-06-05","passed","2026-06-05","Checkout Process","checkout/checkout.spec.js","",""
"","3923","TC13 Verify List View","webkit","2026-06-05","passed","2026-06-05","Product Catalog - View Mode Tests","productCatalog/viewMode.spec.js","",""
"","4040","TC03 Verify Login with Invalid Email","webkit","2026-06-05","passed","2026-06-05","Authentication - Login Tests","authentication/login.spec.js","",""
"","4106","TC01 Profile page load","firefox","2026-06-05","passed","2026-06-05","User Profile Module - 15 Test Cases","userProfile/userProfile.spec.js","",""
"","1965","TC04 Newsletter field","firefox","2026-06-05","passed","2026-06-05","Customer Support","customerSupport-addon/customerSupport-addon.spec.js","",""
"","3801","TC16 Verify Product Price Is Visible","firefox","2026-06-05","passed","2026-06-05","Product Catalog - Product Details Tests","productCatalog/productDetails.spec.js","",""
"","4440","TC09 Password mismatch","firefox","2026-06-05","passed","2026-06-05","User Profile Module - 15 Test Cases","userProfile/userProfile.spec.js","",""
"","1719","TC14 Page load performance check","chromium","2026-06-05","passed","2026-06-05","E2E + Network Mocking - CAPSTONE NETWORK SUITE (15 TC)","e2eNetwork-addon/e2eNetwork-addon.spec.js","",""
"","1558","TC01 Home page loads successfully","chromium","2026-06-05","passed","2026-06-05","E2E + Network Mocking - CAPSTONE NETWORK SUITE (15 TC)","e2eNetwork-addon/e2eNetwork-addon.spec.js","",""
"","1571","TC08 Page structure visible","chromium","2026-06-05","passed","2026-06-05","Customer Support","customerSupport-addon/customerSupport-addon.spec.js","",""
"","4771","TC06 Verify Successful Logout","webkit","2026-06-05","passed","2026-06-05","Authentication - Logout Tests","authentication/logout.spec.js","",""
"","2068","TC04 Verify Books Category Navigation","chromium","2026-06-05","passed","2026-06-05","Product Catalog - Category and Filter Tests","productCatalog/filter.spec.js","",""
"","2155","TC03 Valid contact form UI","firefox","2026-06-05","passed","2026-06-05","Customer Support","customerSupport-addon/customerSupport-addon.spec.js","",""
"","5238","TC01 Add product to cart","firefox","2026-06-05","passed","2026-06-05","Shopping Cart Module","shoppingCart/cart.spec.js","",""
"","1982","TC09 Sitemap page","chromium","2026-06-05","passed","2026-06-05","Customer Support","customerSupport-addon/customerSupport-addon.spec.js","",""
"","3821","TC15 UI stability","firefox","2026-06-05","passed","2026-06-05","User Profile Module - 15 Test Cases","userProfile/userProfile.spec.js","",""
"","2840","TC17 Verify Session Persistence After Refresh","chromium","2026-06-05","passed","2026-06-05","Authentication Session Tests","authentication/sessionValidation.spec.js","",""
"","1239","TC03 Mock product list response","chromium","2026-06-05","passed","2026-06-05","E2E + Network Mocking - CAPSTONE NETWORK SUITE (15 TC)","e2eNetwork-addon/e2eNetwork-addon.spec.js","",""
"","4482","TC05 Verify Copy Paste Login","webkit","2026-06-05","passed","2026-06-05","Authentication - Login Tests","authentication/login.spec.js","",""
"","3599","TC17 Verify Session Persistence After Refresh","firefox","2026-06-05","passed","2026-06-05","Authentication Session Tests","authentication/sessionValidation.spec.js","",""
"","2211","TC02 Cart empty message","firefox","2026-06-05","passed","2026-06-05","Checkout Process","checkout/checkout.spec.js","",""
"","3587","TC11 Save profile","chromium","2026-06-05","passed","2026-06-05","User Profile Module - 15 Test Cases","userProfile/userProfile.spec.js","",""
"","4348","TC11 Verify Registration with Existing Email","webkit","2026-06-05","passed","2026-06-05","Authentication - Registration Tests","authentication/registration.spec.js","",""
"","2796","TC02 Verify Login with Invalid Password","firefox","2026-06-05","passed","2026-06-05","Authentication - Login Tests","authentication/login.spec.js","",""
"","3159","TC04 Verify network request for homepage resources","webkit","2026-06-05","passed","2026-06-05","E2E + Network Mocking - CAPSTONE NETWORK SUITE (15 TC)","e2eNetwork-addon/e2eNetwork-addon.spec.js","",""
"","2212","TC17 Contact form required field validation","firefox","2026-06-05","passed","2026-06-05","Customer Support","customerSupport-addon/customerSupport-addon.spec.js","",""
"","2929","TC08 Page structure visible","webkit","2026-06-05","passed","2026-06-05","Customer Support","customerSupport-addon/customerSupport-addon.spec.js","",""
"","4003","TC06 Verify Successful Logout","firefox","2026-06-05","passed","2026-06-05","Authentication - Logout Tests","authentication/logout.spec.js","",""
"","3000","TC13 My account navigation","webkit","2026-06-05","passed","2026-06-05","Customer Support","customerSupport-addon/customerSupport-addon.spec.js","",""
"","0","TC06 Send Email to Friend","firefox","2026-06-05","skipped","2026-06-05","Compare + Email Module","compareEmail/compareEmail.spec.js","",""
"","1393","TC03 Mock product list response","firefox","2026-06-05","passed","2026-06-05","E2E + Network Mocking - CAPSTONE NETWORK SUITE (15 TC)","e2eNetwork-addon/e2eNetwork-addon.spec.js","",""
"","2102","TC12 Response status validation","chromium","2026-06-05","passed","2026-06-05","E2E + Network Mocking - CAPSTONE NETWORK SUITE (15 TC)","e2eNetwork-addon/e2eNetwork-addon.spec.js","",""
"","2755","TC15 UI stability","chromium","2026-06-05","passed","2026-06-05","User Profile Module - 15 Test Cases","userProfile/userProfile.spec.js","",""
"","3381","TC09 Verify Sort By Name Z-A","webkit","2026-06-05","passed","2026-06-05","Product Catalog - Sorting Tests","productCatalog/sorting.spec.js","",""
"","4035","TC08 Change password open","firefox","2026-06-05","passed","2026-06-05","User Profile Module - 15 Test Cases","userProfile/userProfile.spec.js","",""
"","4958","TC03 Add product to cart FIXED","webkit","2026-06-05","passed","2026-06-05","Checkout Process","checkout/checkout.spec.js","",""
"","1896","TC01 Contact us page","chromium","2026-06-05","passed","2026-06-05","Customer Support","customerSupport-addon/customerSupport-addon.spec.js","",""
"","2012","TC15 Page load check","firefox","2026-06-05","passed","2026-06-05","Customer Support","customerSupport-addon/customerSupport-addon.spec.js","",""
"","4739","TC18 Verify Remember Me Functionality","webkit","2026-06-05","passed","2026-06-05","Authentication Session Tests","authentication/sessionValidation.spec.js","",""
"","1526","TC14 Header visibility","chromium","2026-06-05","passed","2026-06-05","Customer Support","customerSupport-addon/customerSupport-addon.spec.js","",""
"","1698","TC15 Page load check","chromium","2026-06-05","passed","2026-06-05","Customer Support","customerSupport-addon/customerSupport-addon.spec.js","",""
"","3264","TC12 Empty cart validation","webkit","2026-06-05","passed","2026-06-05","Shopping Cart Module","shoppingCart/cart.spec.js","",""
"","2759","TC12 Response status validation","firefox","2026-06-05","passed","2026-06-05","E2E + Network Mocking - CAPSTONE NETWORK SUITE (15 TC)","e2eNetwork-addon/e2eNetwork-addon.spec.js","",""
"","3219","TC11 Wishlist link","webkit","2026-06-05","passed","2026-06-05","Customer Support","customerSupport-addon/customerSupport-addon.spec.js","",""
"","2250","TC15 UI stability under network conditions","firefox","2026-06-05","passed","2026-06-05","E2E + Network Mocking - CAPSTONE NETWORK SUITE (15 TC)","e2eNetwork-addon/e2eNetwork-addon.spec.js","",""
"","2852","TC05 Search box visible","webkit","2026-06-05","passed","2026-06-05","Customer Support","customerSupport-addon/customerSupport-addon.spec.js","",""
"","3203","TC14 Cart navigation check","webkit","2026-06-05","passed","2026-06-05","Checkout Process","checkout/checkout.spec.js","",""
"","1136","TC10 Network failure handling","chromium","2026-06-05","passed","2026-06-05","E2E + Network Mocking - CAPSTONE NETWORK SUITE (15 TC)","e2eNetwork-addon/e2eNetwork-addon.spec.js","",""
"","3485","TC10 Verify Sort By Price Low to High","webkit","2026-06-05","passed","2026-06-05","Product Catalog - Sorting Tests","productCatalog/sorting.spec.js","",""
"","4671","TC08 Continue shopping visible","chromium","2026-06-05","passed","2026-06-05","Shopping Cart Module","shoppingCart/cart.spec.js","",""
"","5938","TC04 Terms checkbox + checkout button FIXED","webkit","2026-06-05","passed","2026-06-05","Checkout Process","checkout/checkout.spec.js","",""
"","1503","TC14 Verify Empty Email Validation","chromium","2026-06-05","passed","2026-06-05","Authentication Validation Tests","authentication/authValidation.spec.js","",""
"","3817","TC15 Verify Product Details Page Opens","firefox","2026-06-05","passed","2026-06-05","Product Catalog - Product Details Tests","productCatalog/productDetails.spec.js","",""
"","5536","TC07 Cart persists after refresh","firefox","2026-06-05","passed","2026-06-05","Shopping Cart Module","shoppingCart/cart.spec.js","",""
"","1923","TC16 Verify Soft Assertions for Login UI","webkit","2026-06-05","passed","2026-06-05","Authentication Validation Tests","authentication/authValidation.spec.js","",""
"","3361","TC06 Simulate slow API response","chromium","2026-06-05","passed","2026-06-05","E2E + Network Mocking - CAPSTONE NETWORK SUITE (15 TC)","e2eNetwork-addon/e2eNetwork-addon.spec.js","",""
"","1341","TC12 Verify Password Mismatch Validation","chromium","2026-06-05","passed","2026-06-05","Authentication - Registration Tests","authentication/registration.spec.js","",""
"","3336","TC01 Verify Login with Valid Credentials","webkit","2026-06-05","passed","2026-06-05","Authentication - Login Tests","authentication/login.spec.js","",""
"","4618","TC10 Remove checkbox visible","chromium","2026-06-05","passed","2026-06-05","Shopping Cart Module","shoppingCart/cart.spec.js","",""
"","5670","TC05 Remove product","firefox","2026-06-05","passed","2026-06-05","Shopping Cart Module","shoppingCart/cart.spec.js","",""
"","2812","TC13 Order completion page","firefox","2026-06-05","passed","2026-06-05","Checkout Process","checkout/checkout.spec.js","",""
"","2111","TC07 Block CSS files (network failure test)","chromium","2026-06-05","passed","2026-06-05","E2E + Network Mocking - CAPSTONE NETWORK SUITE (15 TC)","e2eNetwork-addon/e2eNetwork-addon.spec.js","",""
"","5085","TC07 Address navigation","webkit","2026-06-05","passed","2026-06-05","User Profile Module - 15 Test Cases","userProfile/userProfile.spec.js","",""
"","3023","TC06 Login page redirect","webkit","2026-06-05","passed","2026-06-05","Checkout Process","checkout/checkout.spec.js","",""
"","2505","TC02 Books API response interception","chromium","2026-06-05","passed","2026-06-05","E2E + Network Mocking - CAPSTONE NETWORK SUITE (15 TC)","e2eNetwork-addon/e2eNetwork-addon.spec.js","",""
"","11388","TC03 Clear compare list","webkit","2026-06-05","passed","2026-06-05","Compare + Email Module","compareEmail/compareEmail.spec.js","",""
"","1844","TC03 Verify Search Box Visibility","firefox","2026-06-05","passed","2026-06-05","Product Catalog - Search Tests","productCatalog/search.spec.js","",""
"","2802","TC06 Verify Email Field Contains User Email","chromium","2026-06-05","passed","2026-06-05","User Profile Module - 15 Test Cases","userProfile/userProfile.spec.js","",""
"","4243","TC09 Verify Registration with Valid Male User","webkit","2026-06-05","passed","2026-06-05","Authentication - Registration Tests","authentication/registration.spec.js","",""
"","3051","TC13 Invalid email","chromium","2026-06-05","passed","2026-06-05","User Profile Module - 15 Test Cases","userProfile/userProfile.spec.js","",""
"","1829","TC08 Modify response headers","webkit","2026-06-05","passed","2026-06-05","E2E + Network Mocking - CAPSTONE NETWORK SUITE (15 TC)","e2eNetwork-addon/e2eNetwork-addon.spec.js","",""
"","9718","TC02 Compare success message","chromium","2026-06-05","passed","2026-06-05","Compare + Email Module","compareEmail/compareEmail.spec.js","",""
"","1986","TC02 Open cart page","chromium","2026-06-05","passed","2026-06-05","Shopping Cart Module","shoppingCart/cart.spec.js","",""
"","3813","TC06 Simulate slow API response","firefox","2026-06-05","passed","2026-06-05","E2E + Network Mocking - CAPSTONE NETWORK SUITE (15 TC)","e2eNetwork-addon/e2eNetwork-addon.spec.js","",""
"","3341","TC17 Contact form required field validation","webkit","2026-06-05","passed","2026-06-05","Customer Support","customerSupport-addon/customerSupport-addon.spec.js","",""
"","3033","TC13 Verify List View","firefox","2026-06-05","passed","2026-06-05","Product Catalog - View Mode Tests","productCatalog/viewMode.spec.js","",""
"","4560","TC15 Verify Product Details Page Opens","webkit","2026-06-05","passed","2026-06-05","Product Catalog - Product Details Tests","productCatalog/productDetails.spec.js","",""
"","3441","TC13 Invalid email","firefox","2026-06-05","passed","2026-06-05","User Profile Module - 15 Test Cases","userProfile/userProfile.spec.js","",""
"","5816","TC02 Update profile","webkit","2026-06-05","passed","2026-06-05","User Profile Module - 15 Test Cases","userProfile/userProfile.spec.js","",""
"","1542","TC12 Verify Password Mismatch Validation","firefox","2026-06-05","passed","2026-06-05","Authentication - Registration Tests","authentication/registration.spec.js","",""
"","2100","TC05 Verify Computers Category Navigation","chromium","2026-06-05","passed","2026-06-05","Product Catalog - Category and Filter Tests","productCatalog/filter.spec.js","",""
"","2771","TC10 Payment method step","firefox","2026-06-05","passed","2026-06-05","Checkout Process","checkout/checkout.spec.js","",""
"","2458","TC12 Empty cart validation","firefox","2026-06-05","passed","2026-06-05","Shopping Cart Module","shoppingCart/cart.spec.js","",""
"","3195","TC04 Verify Login Using Enter Key","firefox","2026-06-05","passed","2026-06-05","Authentication - Login Tests","authentication/login.spec.js","",""
"","3021","TC03 Add product to cart FIXED","chromium","2026-06-05","passed","2026-06-05","Checkout Process","checkout/checkout.spec.js","",""
"","3240","TC02 Cart empty message","webkit","2026-06-05","passed","2026-06-05","Checkout Process","checkout/checkout.spec.js","",""
"","5182","TC08 Continue shopping visible","firefox","2026-06-05","passed","2026-06-05","Shopping Cart Module","shoppingCart/cart.spec.js","",""
"","2409","TC06 Verify Electronics Category Navigation","firefox","2026-06-05","passed","2026-06-05","Product Catalog - Category and Filter Tests","productCatalog/filter.spec.js","",""
"","1863","TC11 Wishlist link","chromium","2026-06-05","passed","2026-06-05","Customer Support","customerSupport-addon/customerSupport-addon.spec.js","",""
"","1777","TC14 Cart navigation check","chromium","2026-06-05","passed","2026-06-05","Checkout Process","checkout/checkout.spec.js","",""
"","4075","TC14 Verify Next Page Navigation","webkit","2026-06-05","passed","2026-06-05","Product Catalog - Pagination Tests","productCatalog/pagination.spec.js","",""
"","2804","TC03 Verify Search Box Visibility","webkit","2026-06-05","passed","2026-06-05","Product Catalog - Search Tests","productCatalog/search.spec.js","",""
"","4257","TC09 Shipping step visible","webkit","2026-06-05","passed","2026-06-05","Checkout Process","checkout/checkout.spec.js","",""
"","4063","TC18 Search functionality validation","webkit","2026-06-05","passed","2026-06-05","Customer Support","customerSupport-addon/customerSupport-addon.spec.js","",""
"","3335","TC16 Verify Product Price Is Visible","chromium","2026-06-05","passed","2026-06-05","Product Catalog - Product Details Tests","productCatalog/productDetails.spec.js","",""
"","2063","TC08 Billing step visible","chromium","2026-06-05","passed","2026-06-05","Checkout Process","checkout/checkout.spec.js","",""
"","4535","TC02 Update profile","firefox","2026-06-05","passed","2026-06-05","User Profile Module - 15 Test Cases","userProfile/userProfile.spec.js","",""
"","3926","TC03 Email visible","firefox","2026-06-05","passed","2026-06-05","User Profile Module - 15 Test Cases","userProfile/userProfile.spec.js","",""
"","6687","TC05 Open Email Friend page","firefox","2026-06-05","passed","2026-06-05","Compare + Email Module","compareEmail/compareEmail.spec.js","",""
"","2962","TC10 Verify Sort By Price Low to High","firefox","2026-06-05","passed","2026-06-05","Product Catalog - Sorting Tests","productCatalog/sorting.spec.js","",""
"","5187","TC04 Orders navigation","webkit","2026-06-05","passed","2026-06-05","User Profile Module - 15 Test Cases","userProfile/userProfile.spec.js","",""
"","4324","TC04 Terms checkbox + checkout button FIXED","chromium","2026-06-05","passed","2026-06-05","Checkout Process","checkout/checkout.spec.js","",""
"","3434","TC12 Verify Grid View","webkit","2026-06-05","passed","2026-06-05","Product Catalog - View Mode Tests","productCatalog/viewMode.spec.js","",""
"","4841","TC05 Checkout flow FIXED STABLE","firefox","2026-06-05","passed","2026-06-05","Checkout Process","checkout/checkout.spec.js","",""
"","2804","TC07 Block CSS files (network failure test)","firefox","2026-06-05","passed","2026-06-05","E2E + Network Mocking - CAPSTONE NETWORK SUITE (15 TC)","e2eNetwork-addon/e2eNetwork-addon.spec.js","",""
"","3870","TC02 Books API response interception","webkit","2026-06-05","passed","2026-06-05","E2E + Network Mocking - CAPSTONE NETWORK SUITE (15 TC)","e2eNetwork-addon/e2eNetwork-addon.spec.js","",""
"","3485","TC20 Sitemap navigation validation","webkit","2026-06-05","passed","2026-06-05","Customer Support","customerSupport-addon/customerSupport-addon.spec.js","",""
"","5774","TC03 Verify success notification","webkit","2026-06-05","passed","2026-06-05","Shopping Cart Module","shoppingCart/cart.spec.js","",""
"","3221","TC02 Open cart page","webkit","2026-06-05","passed","2026-06-05","Shopping Cart Module","shoppingCart/cart.spec.js","",""
"","1","TC06 Send Email to Friend","chromium","2026-06-05","skipped","2026-06-05","Compare + Email Module","compareEmail/compareEmail.spec.js","",""
"","3407","TC08 Verify Restricted Page Access After Logout","chromium","2026-06-05","passed","2026-06-05","Authentication - Logout Tests","authentication/logout.spec.js","",""
"","6583","TC10 Network failure handling","webkit","2026-06-05","passed","2026-06-05","E2E + Network Mocking - CAPSTONE NETWORK SUITE (15 TC)","e2eNetwork-addon/e2eNetwork-addon.spec.js","",""
"","1430","TC10 Network failure handling","firefox","2026-06-05","passed","2026-06-05","E2E + Network Mocking - CAPSTONE NETWORK SUITE (15 TC)","e2eNetwork-addon/e2eNetwork-addon.spec.js","",""
"","4486","TC11 Update cart button visible","chromium","2026-06-05","passed","2026-06-05","Shopping Cart Module","shoppingCart/cart.spec.js","",""
"","2478","TC02 Invalid email validation","firefox","2026-06-05","passed","2026-06-05","Customer Support","customerSupport-addon/customerSupport-addon.spec.js","",""
"","1466","TC13 Simulate empty response safely","firefox","2026-06-05","passed","2026-06-05","E2E + Network Mocking - CAPSTONE NETWORK SUITE (15 TC)","e2eNetwork-addon/e2eNetwork-addon.spec.js","",""
"","4560","TC04 Terms checkbox + checkout button FIXED","firefox","2026-06-05","passed","2026-06-05","Checkout Process","checkout/checkout.spec.js","",""
"","3621","TC18 Verify Breadcrumb Is Visible","firefox","2026-06-05","passed","2026-06-05","Product Catalog - Product Details Tests","productCatalog/productDetails.spec.js","",""
"","4157","TC09 Password mismatch","chromium","2026-06-05","passed","2026-06-05","User Profile Module - 15 Test Cases","userProfile/userProfile.spec.js","",""
"","5734","TC04 Update quantity","firefox","2026-06-05","passed","2026-06-05","Shopping Cart Module","shoppingCart/cart.spec.js","",""
"","2254","TC01 Verify Search with Valid Product","chromium","2026-06-05","passed","2026-06-05","Product Catalog - Search Tests","productCatalog/search.spec.js","",""
"","2273","TC15 UI stability under network conditions","chromium","2026-06-05","passed","2026-06-05","E2E + Network Mocking - CAPSTONE NETWORK SUITE (15 TC)","e2eNetwork-addon/e2eNetwork-addon.spec.js","",""
"","3144","TC14 Page load performance check","webkit","2026-06-05","passed","2026-06-05","E2E + Network Mocking - CAPSTONE NETWORK SUITE (15 TC)","e2eNetwork-addon/e2eNetwork-addon.spec.js","",""
"","3230","TC14 Verify Next Page Navigation","firefox","2026-06-05","passed","2026-06-05","Product Catalog - Pagination Tests","productCatalog/pagination.spec.js","",""
"","1370","TC16 Verify Soft Assertions for Login UI","firefox","2026-06-05","passed","2026-06-05","Authentication Validation Tests","authentication/authValidation.spec.js","",""
"","2505","TC11 Verify Registration with Existing Email","chromium","2026-06-05","passed","2026-06-05","Authentication - Registration Tests","authentication/registration.spec.js","",""
"","1752","TC06 Logo visible","firefox","2026-06-05","passed","2026-06-05","Customer Support","customerSupport-addon/customerSupport-addon.spec.js","",""
"","4093","TC03 Verify success notification","chromium","2026-06-05","passed","2026-06-05","Shopping Cart Module","shoppingCart/cart.spec.js","",""
"","1236","TC16 Verify Soft Assertions for Login UI","chromium","2026-06-05","passed","2026-06-05","Authentication Validation Tests","authentication/authValidation.spec.js","",""
"","2098","TC12 Confirm order step","chromium","2026-06-05","passed","2026-06-05","Checkout Process","checkout/checkout.spec.js","",""
"","3285","TC13 Order completion page","webkit","2026-06-05","passed","2026-06-05","Checkout Process","checkout/checkout.spec.js","",""
"","3732","TC16 Contact Us navigation stability","webkit","2026-06-05","passed","2026-06-05","Customer Support","customerSupport-addon/customerSupport-addon.spec.js","",""
"","4073","TC04 Orders navigation","firefox","2026-06-05","passed","2026-06-05","User Profile Module - 15 Test Cases","userProfile/userProfile.spec.js","",""
"","3469","TC10 Verify Save Button Visible","firefox","2026-06-05","passed","2026-06-05","User Profile Module - 15 Test Cases","userProfile/userProfile.spec.js","",""
"","3466","TC03 Add product to cart FIXED","firefox","2026-06-05","passed","2026-06-05","Checkout Process","checkout/checkout.spec.js","",""
"","2950","TC14 Header visibility","webkit","2026-06-05","passed","2026-06-05","Customer Support","customerSupport-addon/customerSupport-addon.spec.js","",""
"","2252","TC12 Cart link","firefox","2026-06-05","passed","2026-06-05","Customer Support","customerSupport-addon/customerSupport-addon.spec.js","",""
"","1775","TC13 Simulate empty response safely","webkit","2026-06-05","passed","2026-06-05","E2E + Network Mocking - CAPSTONE NETWORK SUITE (15 TC)","e2eNetwork-addon/e2eNetwork-addon.spec.js","",""
"","2226","TC09 Validate request URL contains books","firefox","2026-06-05","passed","2026-06-05","E2E + Network Mocking - CAPSTONE NETWORK SUITE (15 TC)","e2eNetwork-addon/e2eNetwork-addon.spec.js","",""
"","5163","TC06 Simulate slow API response","webkit","2026-06-05","passed","2026-06-05","E2E + Network Mocking - CAPSTONE NETWORK SUITE (15 TC)","e2eNetwork-addon/e2eNetwork-addon.spec.js","",""
"","2596","TC05 Verify Copy Paste Login","chromium","2026-06-05","passed","2026-06-05","Authentication - Login Tests","authentication/login.spec.js","",""
"","3217","TC12 Confirm order step","webkit","2026-06-05","passed","2026-06-05","Checkout Process","checkout/checkout.spec.js","",""
"","2115","TC11 Payment info step","chromium","2026-06-05","passed","2026-06-05","Checkout Process","checkout/checkout.spec.js","",""
"","5145","TC14 Orders page","webkit","2026-06-05","passed","2026-06-05","User Profile Module - 15 Test Cases","userProfile/userProfile.spec.js","",""
"","3861","TC02 Verify Search with Invalid Product","webkit","2026-06-05","passed","2026-06-05","Product Catalog - Search Tests","productCatalog/search.spec.js","",""
"","1887","TC14 Header visibility","firefox","2026-06-05","passed","2026-06-05","Customer Support","customerSupport-addon/customerSupport-addon.spec.js","",""
"","1851","TC03 Mock product list response","webkit","2026-06-05","passed","2026-06-05","E2E + Network Mocking - CAPSTONE NETWORK SUITE (15 TC)","e2eNetwork-addon/e2eNetwork-addon.spec.js","",""
"","3131","TC08 Billing step visible","webkit","2026-06-05","passed","2026-06-05","Checkout Process","checkout/checkout.spec.js","",""
"","2816","TC04 Verify Books Category Navigation","firefox","2026-06-05","passed","2026-06-05","Product Catalog - Category and Filter Tests","productCatalog/filter.spec.js","",""
"","3722","TC07 Verify Redirect After Logout","firefox","2026-06-05","passed","2026-06-05","Authentication - Logout Tests","authentication/logout.spec.js","",""
"","3059","TC07 Verify Redirect After Logout","chromium","2026-06-05","passed","2026-06-05","Authentication - Logout Tests","authentication/logout.spec.js","",""
"","2935","TC03 Email visible","chromium","2026-06-05","passed","2026-06-05","User Profile Module - 15 Test Cases","userProfile/userProfile.spec.js","",""
"","2313","TC03 Verify Login with Invalid Email","chromium","2026-06-05","passed","2026-06-05","Authentication - Login Tests","authentication/login.spec.js","",""
"","6620","TC07 Cart persists after refresh","webkit","2026-06-05","passed","2026-06-05","Shopping Cart Module","shoppingCart/cart.spec.js","",""
"","6801","TC05 Remove product","webkit","2026-06-05","passed","2026-06-05","Shopping Cart Module","shoppingCart/cart.spec.js","",""
"","2008","TC09 Validate request URL contains books","chromium","2026-06-05","passed","2026-06-05","E2E + Network Mocking - CAPSTONE NETWORK SUITE (15 TC)","e2eNetwork-addon/e2eNetwork-addon.spec.js","",""
"","3266","TC09 Verify Registration with Valid Male User","firefox","2026-06-05","passed","2026-06-05","Authentication - Registration Tests","authentication/registration.spec.js","",""
"","4645","TC04 Verify Login Using Enter Key","webkit","2026-06-05","passed","2026-06-05","Authentication - Login Tests","authentication/login.spec.js","",""
"","6287","TC10 Remove checkbox visible","webkit","2026-06-05","passed","2026-06-05","Shopping Cart Module","shoppingCart/cart.spec.js","",""
"","3464","TC10 Orders page link","webkit","2026-06-05","passed","2026-06-05","Customer Support","customerSupport-addon/customerSupport-addon.spec.js","",""
"","3256","TC13 Cart URL validation","webkit","2026-06-05","passed","2026-06-05","Shopping Cart Module","shoppingCart/cart.spec.js","",""
"","3023","TC06 Logo visible","webkit","2026-06-05","passed","2026-06-05","Customer Support","customerSupport-addon/customerSupport-addon.spec.js","",""
"","3537","TC01 Verify Search with Valid Product","webkit","2026-06-05","passed","2026-06-05","Product Catalog - Search Tests","productCatalog/search.spec.js","",""
"","3107","TC18 Verify Remember Me Functionality","firefox","2026-06-05","passed","2026-06-05","Authentication Session Tests","authentication/sessionValidation.spec.js","",""
"","3468","TC04 Verify Books Category Navigation","webkit","2026-06-05","passed","2026-06-05","Product Catalog - Category and Filter Tests","productCatalog/filter.spec.js","",""
"","3149","TC11 Payment info step","webkit","2026-06-05","passed","2026-06-05","Checkout Process","checkout/checkout.spec.js","",""
"","2487","TC07 Verify Jewelry Category Navigation","firefox","2026-06-05","passed","2026-06-05","Product Catalog - Category and Filter Tests","productCatalog/filter.spec.js","",""
"","5015","TC10 Verify Save Button Visible","webkit","2026-06-05","passed","2026-06-05","User Profile Module - 15 Test Cases","userProfile/userProfile.spec.js","",""
"","3311","TC15 UI stability under network conditions","webkit","2026-06-05","passed","2026-06-05","E2E + Network Mocking - CAPSTONE NETWORK SUITE (15 TC)","e2eNetwork-addon/e2eNetwork-addon.spec.js","",""
"","1276","TC08 Modify response headers","chromium","2026-06-05","passed","2026-06-05","E2E + Network Mocking - CAPSTONE NETWORK SUITE (15 TC)","e2eNetwork-addon/e2eNetwork-addon.spec.js","",""
"","14344","TC01 Add product to compare","webkit","2026-06-05","passed","2026-06-05","Compare + Email Module","compareEmail/compareEmail.spec.js","",""
"","3325","TC12 Cart link","webkit","2026-06-05","passed","2026-06-05","Customer Support","customerSupport-addon/customerSupport-addon.spec.js","",""
"","3350","TC14 Orders page","chromium","2026-06-05","passed","2026-06-05","User Profile Module - 15 Test Cases","userProfile/userProfile.spec.js","",""
"","1695","TC04 Newsletter field","chromium","2026-06-05","passed","2026-06-05","Customer Support","customerSupport-addon/customerSupport-addon.spec.js","",""
"","1871","TC02 Invalid email validation","chromium","2026-06-05","passed","2026-06-05","Customer Support","customerSupport-addon/customerSupport-addon.spec.js","",""
"","2862","TC01 Profile page load","chromium","2026-06-05","passed","2026-06-05","User Profile Module - 15 Test Cases","userProfile/userProfile.spec.js","",""
"","4946","TC13 Invalid email","webkit","2026-06-05","passed","2026-06-05","User Profile Module - 15 Test Cases","userProfile/userProfile.spec.js","",""
"","1520","TC15 Verify Empty Password Validation","chromium","2026-06-05","passed","2026-06-05","Authentication Validation Tests","authentication/authValidation.spec.js","",""
"","1367","TC13 Verify Password Field is Masked","chromium","2026-06-05","passed","2026-06-05","Authentication Validation Tests","authentication/authValidation.spec.js","",""
"","2306","TC06 Login page redirect","firefox","2026-06-05","passed","2026-06-05","Checkout Process","checkout/checkout.spec.js","",""
"","1695","TC03 Verify Search Box Visibility","chromium","2026-06-05","passed","2026-06-05","Product Catalog - Search Tests","productCatalog/search.spec.js","",""
"","4680","TC06 Verify Email Field Contains User Email","webkit","2026-06-05","passed","2026-06-05","User Profile Module - 15 Test Cases","userProfile/userProfile.spec.js","",""
"","2712","TC05 Verify Computers Category Navigation","firefox","2026-06-05","passed","2026-06-05","Product Catalog - Category and Filter Tests","productCatalog/filter.spec.js","",""
"","6095","TC06 Cart total visible","webkit","2026-06-05","passed","2026-06-05","Shopping Cart Module","shoppingCart/cart.spec.js","",""
"","3171","TC17 Verify Add To Cart Button Is Visible","chromium","2026-06-05","passed","2026-06-05","Product Catalog - Product Details Tests","productCatalog/productDetails.spec.js","",""
"","3380","TC07 Verify Jewelry Category Navigation","webkit","2026-06-05","passed","2026-06-05","Product Catalog - Category and Filter Tests","productCatalog/filter.spec.js","",""
